{
  "hash": "08920f26",
  "configHash": "79abac03",
  "lockfileHash": "0d5e195d",
  "browserHash": "4f9fbc34",
  "optimized": {
    "@angular/cdk/bidi": {
      "src": "../../../../../../node_modules/@angular/cdk/fesm2022/bidi.mjs",
      "file": "@angular_cdk_bidi.js",
      "fileHash": "e3d1d3d0",
      "needsInterop": false
    },
    "@angular/cdk/text-field": {
      "src": "../../../../../../node_modules/@angular/cdk/fesm2022/text-field.mjs",
      "file": "@angular_cdk_text-field.js",
      "fileHash": "20200031",
      "needsInterop": false
    },
    "@angular/common": {
      "src": "../../../../../../node_modules/@angular/common/fesm2022/common.mjs",
      "file": "@angular_common.js",
      "fileHash": "cc5f8411",
      "needsInterop": false
    },
    "@angular/common/http": {
      "src": "../../../../../../node_modules/@angular/common/fesm2022/http.mjs",
      "file": "@angular_common_http.js",
      "fileHash": "2c2b692c",
      "needsInterop": false
    },
    "@angular/core": {
      "src": "../../../../../../node_modules/@angular/core/fesm2022/core.mjs",
      "file": "@angular_core.js",
      "fileHash": "eb4bd712",
      "needsInterop": false
    },
    "@angular/forms": {
      "src": "../../../../../../node_modules/@angular/forms/fesm2022/forms.mjs",
      "file": "@angular_forms.js",
      "fileHash": "cb6dfc7d",
      "needsInterop": false
    },
    "@angular/material/button": {
      "src": "../../../../../../node_modules/@angular/material/fesm2022/button.mjs",
      "file": "@angular_material_button.js",
      "fileHash": "656b3771",
      "needsInterop": false
    },
    "@angular/material/card": {
      "src": "../../../../../../node_modules/@angular/material/fesm2022/card.mjs",
      "file": "@angular_material_card.js",
      "fileHash": "a89f4cb7",
      "needsInterop": false
    },
    "@angular/material/form-field": {
      "src": "../../../../../../node_modules/@angular/material/fesm2022/form-field.mjs",
      "file": "@angular_material_form-field.js",
      "fileHash": "02043934",
      "needsInterop": false
    },
    "@angular/material/icon": {
      "src": "../../../../../../node_modules/@angular/material/fesm2022/icon.mjs",
      "file": "@angular_material_icon.js",
      "fileHash": "7ce4e094",
      "needsInterop": false
    },
    "@angular/material/input": {
      "src": "../../../../../../node_modules/@angular/material/fesm2022/input.mjs",
      "file": "@angular_material_input.js",
      "fileHash": "d2ea22cb",
      "needsInterop": false
    },
    "@angular/platform-browser": {
      "src": "../../../../../../node_modules/@angular/platform-browser/fesm2022/platform-browser.mjs",
      "file": "@angular_platform-browser.js",
      "fileHash": "09b76fd5",
      "needsInterop": false
    },
    "@angular/router": {
      "src": "../../../../../../node_modules/@angular/router/fesm2022/router.mjs",
      "file": "@angular_router.js",
      "fileHash": "e088358b",
      "needsInterop": false
    }
  },
  "chunks": {
    "chunk-4VU4J6WQ": {
      "file": "chunk-4VU4J6WQ.js"
    },
    "chunk-OVPZYBAO": {
      "file": "chunk-OVPZYBAO.js"
    },
    "chunk-NDCZLF3A": {
      "file": "chunk-NDCZLF3A.js"
    },
    "chunk-FNFW2G3O": {
      "file": "chunk-FNFW2G3O.js"
    },
    "chunk-5DSVDJXM": {
      "file": "chunk-5DSVDJXM.js"
    },
    "chunk-6W3PXTZL": {
      "file": "chunk-6W3PXTZL.js"
    },
    "chunk-4AFDNPEP": {
      "file": "chunk-4AFDNPEP.js"
    },
    "chunk-KAANU2KV": {
      "file": "chunk-KAANU2KV.js"
    },
    "chunk-3LKRUKOS": {
      "file": "chunk-3LKRUKOS.js"
    },
    "chunk-CBTKPGVK": {
      "file": "chunk-CBTKPGVK.js"
    },
    "chunk-YW65FSQM": {
      "file": "chunk-YW65FSQM.js"
    },
    "chunk-UDHL77WM": {
      "file": "chunk-UDHL77WM.js"
    }
  }
}