{
  "hash": "08920f26",
  "configHash": "79abac03",
  "lockfileHash": "0d5e195d",
  "browserHash": "4f9fbc34",
  "optimized": {
    "@angular/cdk/bidi": {
      "src": "../../../../../../node_modules/@angular/cdk/fesm2022/bidi.mjs",
      "file": "@angular_cdk_bidi.js",
      "fileHash": "a7d48736",
      "needsInterop": false
    },
    "@angular/cdk/text-field": {
      "src": "../../../../../../node_modules/@angular/cdk/fesm2022/text-field.mjs",
      "file": "@angular_cdk_text-field.js",
      "fileHash": "449b98d9",
      "needsInterop": false
    },
    "@angular/common": {
      "src": "../../../../../../node_modules/@angular/common/fesm2022/common.mjs",
      "file": "@angular_common.js",
      "fileHash": "92cd2285",
      "needsInterop": false
    },
    "@angular/common/http": {
      "src": "../../../../../../node_modules/@angular/common/fesm2022/http.mjs",
      "file": "@angular_common_http.js",
      "fileHash": "1cb8769c",
      "needsInterop": false
    },
    "@angular/core": {
      "src": "../../../../../../node_modules/@angular/core/fesm2022/core.mjs",
      "file": "@angular_core.js",
      "fileHash": "5fe51c12",
      "needsInterop": false
    },
    "@angular/forms": {
      "src": "../../../../../../node_modules/@angular/forms/fesm2022/forms.mjs",
      "file": "@angular_forms.js",
      "fileHash": "11780c2b",
      "needsInterop": false
    },
    "@angular/material/button": {
      "src": "../../../../../../node_modules/@angular/material/fesm2022/button.mjs",
      "file": "@angular_material_button.js",
      "fileHash": "28f60b0c",
      "needsInterop": false
    },
    "@angular/material/card": {
      "src": "../../../../../../node_modules/@angular/material/fesm2022/card.mjs",
      "file": "@angular_material_card.js",
      "fileHash": "a9c8631d",
      "needsInterop": false
    },
    "@angular/material/form-field": {
      "src": "../../../../../../node_modules/@angular/material/fesm2022/form-field.mjs",
      "file": "@angular_material_form-field.js",
      "fileHash": "445f0371",
      "needsInterop": false
    },
    "@angular/material/icon": {
      "src": "../../../../../../node_modules/@angular/material/fesm2022/icon.mjs",
      "file": "@angular_material_icon.js",
      "fileHash": "1af6c16d",
      "needsInterop": false
    },
    "@angular/material/input": {
      "src": "../../../../../../node_modules/@angular/material/fesm2022/input.mjs",
      "file": "@angular_material_input.js",
      "fileHash": "32d0bf63",
      "needsInterop": false
    },
    "@angular/platform-browser": {
      "src": "../../../../../../node_modules/@angular/platform-browser/fesm2022/platform-browser.mjs",
      "file": "@angular_platform-browser.js",
      "fileHash": "3f580af0",
      "needsInterop": false
    },
    "@angular/router": {
      "src": "../../../../../../node_modules/@angular/router/fesm2022/router.mjs",
      "file": "@angular_router.js",
      "fileHash": "8119a01e",
      "needsInterop": false
    }
  },
  "chunks": {
    "chunk-OVPZYBAO": {
      "file": "chunk-OVPZYBAO.js"
    },
    "chunk-FNFW2G3O": {
      "file": "chunk-FNFW2G3O.js"
    },
    "chunk-NDCZLF3A": {
      "file": "chunk-NDCZLF3A.js"
    },
    "chunk-ILOKPHNI": {
      "file": "chunk-ILOKPHNI.js"
    },
    "chunk-JICQ35YP": {
      "file": "chunk-JICQ35YP.js"
    },
    "chunk-6W3PXTZL": {
      "file": "chunk-6W3PXTZL.js"
    },
    "chunk-4AFDNPEP": {
      "file": "chunk-4AFDNPEP.js"
    },
    "chunk-KAANU2KV": {
      "file": "chunk-KAANU2KV.js"
    },
    "chunk-3LKRUKOS": {
      "file": "chunk-3LKRUKOS.js"
    },
    "chunk-CBTKPGVK": {
      "file": "chunk-CBTKPGVK.js"
    },
    "chunk-YW65FSQM": {
      "file": "chunk-YW65FSQM.js"
    },
    "chunk-UDHL77WM": {
      "file": "chunk-UDHL77WM.js"
    }
  }
}